,melspectrogram,melspectrogram_min,melspectrogram_max,melspectrogram_sum,melspectrogram_corr,melspectrogram_std,mfcc,rms,spectral_centroid,spectral_bandwidth,spectral_contrast,spectral_flatness ,spectral_rolloff,zero_crossing_rate,mean harm,mean perc,max harm,max perc,min harm,min perc,normal(0)/abnormal(1)
0,0.008870044723153114,1.2074128363792624e-09,0.21728603541851044,489.3426208496094,0.03670739374720135,0.015814892947673798,-12.846735000610352,0.004381345119327307,1178.821554950178,1561.366941777108,22.810683188228047,0.0002594060206320137,2419.7624755292923,0.04523682207076566,-5.000726e-07,3.3470325888629304e-07,0.013363789767026901,0.005517417564988136,-0.01743980124592781,-0.009581631980836391,0
0,0.008814084343612194,1.2019714112909696e-09,0.1852424442768097,486.2554016113281,0.031088034217688288,0.015326243825256824,-12.400962829589844,0.004300445783883333,1121.2066495846134,1476.7713126615538,22.51241302907732,0.0002486601588316262,2226.3383551152842,0.04388300282772622,5.4804593e-07,-7.577546625725518e-07,0.012118779122829437,0.006364060565829277,-0.01376956608146429,-0.00958032812923193,0
0,0.009081260301172733,1.1908747321598412e-09,0.24330875277519226,500.9949645996094,0.05644101288169101,0.016950560733675957,-11.675858497619629,0.004623312037438154,1075.12381292632,1412.9279051753497,21.461263137071672,0.00020889796724077314,2288.689718224333,0.03713996338457077,-2.3036736e-07,-3.88209400625783e-07,0.012164505198597908,0.007161082234233618,-0.014607167802751064,-0.00899085309356451,0
0,0.008999413810670376,1.1707755875889347e-09,0.184777170419693,496.47967529296875,0.03164129582057857,0.015703974291682243,-12.594335556030273,0.004297866486012936,1208.6113991788438,1627.7538896878266,22.26155603921233,0.00030180293833836913,2681.633204484484,0.046174865864269145,-1.5199098e-06,-7.811251521161466e-07,0.014037343673408031,0.007087754551321268,-0.013732451014220715,-0.008617608807981014,0
0,0.008866851218044758,1.094482282582021e-09,0.21193552017211914,489.1664733886719,0.07115604824024675,0.016453929245471954,-11.836786270141602,0.00441892072558403,1009.5617029763388,1369.566581502498,21.113624406676394,0.00018081509915646166,2114.075924902117,0.03568078415023202,1.1782995e-06,1.8098378404829418e-06,0.011839083395898342,0.007703091949224472,-0.012396130710840225,-0.008645093068480492,0
